{"splitter_ratio": [0.20064724919093851, 0.7993527508090615], "column_widths": {"4": 497}, "window_size": [1267, 643]}